City,Rider_Count,Total_Deliveries,Customer_Rating,Salary,NPT_Percent
Bengaluru,37,202.75675675675674,4.067297297297298,18197.297297297297,17.345945945945946
Delhi,45,221.0222222222222,4.134,18293.333333333332,16.32
Gurgaon,36,229.16666666666666,3.907777777777778,18363.88888888889,17.077777777777776
Mumbai,51,213.45098039215685,4.048039215686274,18109.803921568626,17.658823529411766
Noida,40,215.625,4.018,18262.5,18.447499999999998
Pune,41,220.0,3.9453658536585365,18097.560975609755,16.59512195121951
